programa,canal,genero,horario,franja_horaria,dia_semana,fecha,temporada,episodio,rating,share_pct,audiencia_millones,demo_femenino_pct,demo_masculino_pct,demo_18_34_pct,demo_35_54_pct,demo_55plus_pct,rating_competidor
Hoy,Las Estrellas,Matutino,09:00,Mañana,Martes,2024-01-02,3,1,9.15,37.2,10.32,46.3,53.7,28.4,36.5,35.1,6.65
Hoy,Las Estrellas,Matutino,09:00,Mañana,Martes,2024-01-09,3,2,9.41,38.7,10.79,52.8,47.2,25.9,38.6,35.5,7.16
Hoy,Las Estrellas,Matutino,09:00,Mañana,Martes,2024-01-16,3,3,8.92,39.7,10.31,56.3,43.7,28.6,31.9,39.5,6.04
Hoy,Las Estrellas,Matutino,09:00,Mañana,Martes,2024-01-23,3,4,9.33,40.3,11.69,46.3,53.7,23.3,34.3,42.4,6.09
Hoy,Las Estrellas,Matutino,09:00,Mañana,Martes,2024-01-30,3,5,9.45,40.0,11.26,46.6,53.4,30.9,30.9,38.2,6.03
Hoy,Las Estrellas,Matutino,09:00,Mañana,Martes,2024-02-06,3,6,8.97,37.7,10.52,47.5,52.5,19.0,37.9,43.1,7.01
Hoy,Las Estrellas,Matutino,09:00,Mañana,Martes,2024-02-13,3,7,10.41,40.1,13.26,49.9,50.1,24.3,40.0,35.7,6.23
Hoy,Las Estrellas,Matutino,09:00,Mañana,Martes,2024-02-20,3,8,9.35,42.5,11.6,53.9,46.1,19.0,37.6,43.4,6.64
Hoy,Las Estrellas,Matutino,09:00,Mañana,Martes,2024-02-27,3,9,9.82,42.8,11.33,57.0,43.0,27.6,32.6,39.8,6.36
Hoy,Las Estrellas,Matutino,09:00,Mañana,Martes,2024-03-05,3,10,9.92,41.1,12.54,55.5,44.5,23.6,30.8,45.6,8.17
Hoy,Las Estrellas,Matutino,09:00,Mañana,Martes,2024-03-12,3,11,9.42,41.1,10.76,51.5,48.5,30.4,37.7,31.9,5.58
Hoy,Las Estrellas,Matutino,09:00,Mañana,Martes,2024-03-19,3,12,10.53,44.4,12.72,54.7,45.3,24.0,37.0,39.0,6.94
Hoy,Las Estrellas,Matutino,09:00,Mañana,Martes,2024-03-26,3,13,10.43,43.0,12.5,54.8,45.2,30.1,31.8,38.1,6.24
Hoy,Las Estrellas,Matutino,09:00,Mañana,Martes,2024-04-02,3,14,10.1,41.6,11.89,52.7,47.3,24.6,33.0,42.4,7.23
Hoy,Las Estrellas,Matutino,09:00,Mañana,Martes,2024-04-09,3,15,11.0,43.2,12.35,56.5,43.5,28.5,39.2,32.3,7.17
Hoy,Las Estrellas,Matutino,09:00,Mañana,Martes,2024-04-16,3,16,10.49,45.4,11.55,54.4,45.6,28.1,41.7,30.2,8.17
Hoy,Las Estrellas,Matutino,09:00,Mañana,Martes,2024-04-23,3,17,10.49,45.0,12.85,55.9,44.1,25.1,32.4,42.5,6.95
Hoy,Las Estrellas,Matutino,09:00,Mañana,Martes,2024-04-30,3,18,11.32,48.8,14.54,56.9,43.1,26.4,35.9,37.7,6.61
Hoy,Las Estrellas,Matutino,09:00,Mañana,Martes,2024-05-07,3,19,10.17,49.5,12.83,48.1,51.9,21.4,36.8,41.8,5.83
Hoy,Las Estrellas,Matutino,09:00,Mañana,Martes,2024-05-14,3,20,10.98,44.0,14.23,51.9,48.1,19.8,37.9,42.3,9.16
Hoy,Las Estrellas,Matutino,09:00,Mañana,Martes,2024-05-21,3,21,11.44,48.9,13.97,57.5,42.5,31.0,39.1,29.9,8.66
Hoy,Las Estrellas,Matutino,09:00,Mañana,Martes,2024-05-28,3,22,11.24,46.5,13.87,49.9,50.1,30.6,35.4,34.0,7.02
Hoy,Las Estrellas,Matutino,09:00,Mañana,Martes,2024-06-04,3,23,11.55,48.7,13.98,52.6,47.4,18.1,38.5,43.4,6.56
Hoy,Las Estrellas,Matutino,09:00,Mañana,Martes,2024-06-11,3,24,11.71,49.4,13.65,51.7,48.3,21.9,35.8,42.3,8.33
Hoy,Las Estrellas,Matutino,09:00,Mañana,Martes,2024-06-18,3,25,11.63,46.9,14.13,48.2,51.8,24.6,34.9,40.5,6.73
Hoy,Las Estrellas,Matutino,09:00,Mañana,Martes,2024-06-25,3,26,11.72,49.4,13.86,56.2,43.8,18.8,37.8,43.4,8.72
Hoy,Las Estrellas,Matutino,09:00,Mañana,Martes,2024-07-02,3,27,12.67,52.2,15.97,46.4,53.6,20.7,36.4,42.9,7.5
Ventaneando,TV Azteca,Entretenimiento,18:00,Tarde,Martes,2024-01-30,1,1,6.24,30.5,7.42,56.2,43.8,25.7,30.6,43.7,5.3
Ventaneando,TV Azteca,Entretenimiento,18:00,Tarde,Martes,2024-02-06,1,2,6.81,23.9,8.75,56.0,44.0,20.3,35.8,43.9,4.18
Ventaneando,TV Azteca,Entretenimiento,18:00,Tarde,Martes,2024-02-13,1,3,6.19,27.8,7.28,57.8,42.2,21.7,39.4,38.9,4.25
Ventaneando,TV Azteca,Entretenimiento,18:00,Tarde,Martes,2024-02-20,1,4,5.46,29.4,7.09,52.2,47.8,28.1,31.9,40.0,3.49
Ventaneando,TV Azteca,Entretenimiento,18:00,Tarde,Martes,2024-02-27,1,5,6.9,27.4,8.34,54.7,45.3,18.8,37.0,44.2,4.84
Ventaneando,TV Azteca,Entretenimiento,18:00,Tarde,Martes,2024-03-05,1,6,6.57,27.3,8.49,46.0,54.0,20.6,37.1,42.3,4.94
Ventaneando,TV Azteca,Entretenimiento,18:00,Tarde,Martes,2024-03-12,1,7,6.49,28.9,8.29,48.2,51.8,26.3,37.4,36.3,4.39
Ventaneando,TV Azteca,Entretenimiento,18:00,Tarde,Martes,2024-03-19,1,8,6.09,27.4,7.84,47.7,52.3,28.0,32.9,39.1,4.07
Ventaneando,TV Azteca,Entretenimiento,18:00,Tarde,Martes,2024-03-26,1,9,6.4,27.4,7.44,54.8,45.2,19.0,35.5,45.5,5.44
Ventaneando,TV Azteca,Entretenimiento,18:00,Tarde,Martes,2024-04-02,1,10,6.76,28.7,7.72,48.4,51.6,31.1,40.6,28.3,5.5
Ventaneando,TV Azteca,Entretenimiento,18:00,Tarde,Martes,2024-04-09,1,11,6.49,29.6,8.22,54.1,45.9,26.6,41.8,31.6,4.84
Ventaneando,TV Azteca,Entretenimiento,18:00,Tarde,Martes,2024-04-16,1,12,7.44,29.3,8.63,53.6,46.4,31.1,31.6,37.3,4.35
Ventaneando,TV Azteca,Entretenimiento,18:00,Tarde,Martes,2024-04-23,1,13,7.15,30.6,8.25,52.9,47.1,28.0,32.4,39.6,5.29
Ventaneando,TV Azteca,Entretenimiento,18:00,Tarde,Martes,2024-04-30,1,14,6.76,31.4,8.66,56.0,44.0,19.3,35.1,45.6,4.28
Ventaneando,TV Azteca,Entretenimiento,18:00,Tarde,Martes,2024-05-07,1,15,7.54,29.9,9.25,48.4,51.6,28.4,36.6,35.0,5.11
Ventaneando,TV Azteca,Entretenimiento,18:00,Tarde,Martes,2024-05-14,1,16,7.07,30.1,9.03,56.8,43.2,25.6,40.0,34.4,5.12
Ventaneando,TV Azteca,Entretenimiento,18:00,Tarde,Martes,2024-05-21,1,17,7.09,31.0,8.24,56.7,43.3,29.1,40.3,30.6,5.81
Ventaneando,TV Azteca,Entretenimiento,18:00,Tarde,Martes,2024-05-28,1,18,7.1,31.7,7.96,55.1,44.9,30.4,34.9,34.7,5.23
Ventaneando,TV Azteca,Entretenimiento,18:00,Tarde,Martes,2024-06-04,1,19,7.6,33.7,9.67,57.7,42.3,29.4,40.6,30.0,4.24
Ventaneando,TV Azteca,Entretenimiento,18:00,Tarde,Martes,2024-06-11,1,20,7.11,29.8,9.14,55.4,44.6,30.1,39.7,30.2,4.48
Ventaneando,TV Azteca,Entretenimiento,18:00,Tarde,Martes,2024-06-18,1,21,7.25,30.7,9.24,56.2,43.8,21.1,39.8,39.1,4.99
Ventaneando,TV Azteca,Entretenimiento,18:00,Tarde,Martes,2024-06-25,1,22,7.02,34.2,8.04,45.3,54.7,20.7,33.9,45.4,5.68
Ventaneando,TV Azteca,Entretenimiento,18:00,Tarde,Martes,2024-07-02,1,23,7.65,31.7,9.4,50.2,49.8,31.7,36.4,31.9,6.36
Ventaneando,TV Azteca,Entretenimiento,18:00,Tarde,Martes,2024-07-09,1,24,8.19,34.8,9.3,57.5,42.5,21.7,31.3,47.0,5.57
Ventaneando,TV Azteca,Entretenimiento,18:00,Tarde,Martes,2024-07-16,1,25,7.42,31.2,9.06,51.6,48.4,23.4,36.9,39.7,4.65
Ventaneando,TV Azteca,Entretenimiento,18:00,Tarde,Martes,2024-07-23,1,26,7.52,32.7,9.66,52.0,48.0,28.1,38.9,33.0,5.65
Ventaneando,TV Azteca,Entretenimiento,18:00,Tarde,Martes,2024-07-30,1,27,7.5,33.5,9.25,49.3,50.7,22.4,40.2,37.4,5.74
Ventaneando,TV Azteca,Entretenimiento,18:00,Tarde,Martes,2024-08-06,1,28,7.56,34.6,8.93,50.2,49.8,22.1,31.5,46.4,5.11
Ventaneando,TV Azteca,Entretenimiento,18:00,Tarde,Martes,2024-08-13,1,29,8.3,32.9,10.63,53.0,47.0,22.2,36.6,41.2,4.57
Ventaneando,TV Azteca,Entretenimiento,18:00,Tarde,Martes,2024-08-20,1,30,7.72,35.6,9.39,53.5,46.5,24.5,35.3,40.2,4.74
Ventaneando,TV Azteca,Entretenimiento,18:00,Tarde,Martes,2024-08-27,1,31,7.04,34.9,8.86,47.2,52.8,19.2,36.2,44.6,5.21
Ventaneando,TV Azteca,Entretenimiento,18:00,Tarde,Martes,2024-09-03,1,32,7.59,37.1,9.49,53.7,46.3,21.1,32.4,46.5,4.23
Ventaneando,TV Azteca,Entretenimiento,18:00,Tarde,Martes,2024-09-10,1,33,8.06,36.7,10.24,45.9,54.1,23.8,37.6,38.6,4.9
Ventaneando,TV Azteca,Entretenimiento,18:00,Tarde,Martes,2024-09-17,1,34,7.97,33.7,9.16,53.5,46.5,18.1,39.0,42.9,6.22
Ventaneando,TV Azteca,Entretenimiento,18:00,Tarde,Martes,2024-09-24,1,35,8.54,36.7,9.69,57.5,42.5,25.3,30.6,44.1,5.34
Ventaneando,TV Azteca,Entretenimiento,18:00,Tarde,Martes,2024-10-01,1,36,8.54,34.7,10.76,53.7,46.3,31.8,37.1,31.1,7.13
Ventaneando,TV Azteca,Entretenimiento,18:00,Tarde,Martes,2024-10-08,1,37,8.8,35.1,10.95,51.6,48.4,29.6,36.6,33.8,7.21
La Rosa de Guadalupe,Las Estrellas,Telenovela,15:00,Tarde,Lunes,2024-01-29,3,1,9.12,39.3,11.2,66.5,33.5,25.3,37.5,37.2,5.77
La Rosa de Guadalupe,Las Estrellas,Telenovela,15:00,Tarde,Lunes,2024-02-05,3,2,9.46,38.9,10.92,59.8,40.2,25.6,31.7,42.7,5.86
La Rosa de Guadalupe,Las Estrellas,Telenovela,15:00,Tarde,Lunes,2024-02-12,3,3,8.99,36.3,10.0,61.1,38.9,25.6,35.0,39.4,5.5
La Rosa de Guadalupe,Las Estrellas,Telenovela,15:00,Tarde,Lunes,2024-02-19,3,4,8.48,40.2,10.32,65.4,34.6,30.0,39.2,30.8,5.63
La Rosa de Guadalupe,Las Estrellas,Telenovela,15:00,Tarde,Lunes,2024-02-26,3,5,9.65,38.9,12.07,67.8,32.2,31.3,35.0,33.7,7.47
La Rosa de Guadalupe,Las Estrellas,Telenovela,15:00,Tarde,Lunes,2024-03-04,3,6,8.8,38.4,10.07,58.3,41.7,24.1,30.3,45.6,5.73
La Rosa de Guadalupe,Las Estrellas,Telenovela,15:00,Tarde,Lunes,2024-03-11,3,7,9.19,37.8,10.41,62.0,38.0,19.8,37.5,42.7,5.13
La Rosa de Guadalupe,Las Estrellas,Telenovela,15:00,Tarde,Lunes,2024-03-18,3,8,9.0,40.6,9.95,64.6,35.4,19.9,35.5,44.6,5.09
La Rosa de Guadalupe,Las Estrellas,Telenovela,15:00,Tarde,Lunes,2024-03-25,3,9,9.25,40.3,10.78,66.4,33.6,23.3,39.0,37.7,7.4
La Rosa de Guadalupe,Las Estrellas,Telenovela,15:00,Tarde,Lunes,2024-04-01,3,10,9.49,40.4,10.48,63.1,36.9,32.0,34.2,33.8,7.07
La Rosa de Guadalupe,Las Estrellas,Telenovela,15:00,Tarde,Lunes,2024-04-08,3,11,9.65,37.8,12.07,69.2,30.8,20.8,30.2,49.0,5.75
La Rosa de Guadalupe,Las Estrellas,Telenovela,15:00,Tarde,Lunes,2024-04-15,3,12,10.0,41.7,12.13,58.3,41.7,27.8,39.2,33.0,6.0
La Rosa de Guadalupe,Las Estrellas,Telenovela,15:00,Tarde,Lunes,2024-04-22,3,13,9.11,38.8,10.23,67.3,32.7,31.5,31.3,37.2,5.08
La Rosa de Guadalupe,Las Estrellas,Telenovela,15:00,Tarde,Lunes,2024-04-29,3,14,9.45,42.7,12.21,60.9,39.1,28.0,30.9,41.1,7.16
La Rosa de Guadalupe,Las Estrellas,Telenovela,15:00,Tarde,Lunes,2024-05-06,3,15,9.6,40.3,12.04,67.8,32.2,26.4,31.5,42.1,8.11
La Rosa de Guadalupe,Las Estrellas,Telenovela,15:00,Tarde,Lunes,2024-05-13,3,16,9.85,39.7,11.68,60.6,39.4,25.1,34.1,40.8,7.93
La Rosa de Guadalupe,Las Estrellas,Telenovela,15:00,Tarde,Lunes,2024-05-20,3,17,9.91,40.6,12.81,64.5,35.5,29.6,38.5,31.9,6.75
La Rosa de Guadalupe,Las Estrellas,Telenovela,15:00,Tarde,Lunes,2024-05-27,3,18,9.77,37.6,11.27,67.1,32.9,25.5,35.8,38.7,6.65
La Rosa de Guadalupe,Las Estrellas,Telenovela,15:00,Tarde,Lunes,2024-06-03,3,19,9.89,40.5,12.56,67.5,32.5,19.2,40.6,40.2,6.16
La Rosa de Guadalupe,Las Estrellas,Telenovela,15:00,Tarde,Lunes,2024-06-10,3,20,9.45,42.4,11.11,55.4,44.6,29.9,32.2,37.9,5.8
La Rosa de Guadalupe,Las Estrellas,Telenovela,15:00,Tarde,Lunes,2024-06-17,3,21,10.15,40.9,12.95,65.5,34.5,21.9,30.1,48.0,8.47
La Rosa de Guadalupe,Las Estrellas,Telenovela,15:00,Tarde,Lunes,2024-06-24,3,22,10.64,43.7,12.74,66.4,33.6,27.7,37.8,34.5,7.42
La Rosa de Guadalupe,Las Estrellas,Telenovela,15:00,Tarde,Lunes,2024-07-01,3,23,10.2,42.1,11.67,65.4,34.6,22.3,37.0,40.7,7.06
La Rosa de Guadalupe,Las Estrellas,Telenovela,15:00,Tarde,Lunes,2024-07-08,3,24,9.8,42.7,12.24,60.0,40.0,27.8,33.3,38.9,6.13
La Rosa de Guadalupe,Las Estrellas,Telenovela,15:00,Tarde,Lunes,2024-07-15,3,25,10.46,43.9,11.76,63.0,37.0,28.7,32.2,39.1,6.43
La Rosa de Guadalupe,Las Estrellas,Telenovela,15:00,Tarde,Lunes,2024-07-22,3,26,9.69,43.7,12.55,62.9,37.1,22.0,31.2,46.8,5.89
La Rosa de Guadalupe,Las Estrellas,Telenovela,15:00,Tarde,Lunes,2024-07-29,3,27,10.43,44.7,11.5,63.0,37.0,21.8,41.7,36.5,7.47
La Rosa de Guadalupe,Las Estrellas,Telenovela,15:00,Tarde,Lunes,2024-08-05,3,28,10.38,43.3,13.22,62.4,37.6,30.2,36.9,32.9,7.17
La Rosa de Guadalupe,Las Estrellas,Telenovela,15:00,Tarde,Lunes,2024-08-12,3,29,10.28,44.7,11.41,69.1,30.9,24.7,39.9,35.4,6.89
La Rosa de Guadalupe,Las Estrellas,Telenovela,15:00,Tarde,Lunes,2024-08-19,3,30,11.08,45.6,12.31,57.2,42.8,25.9,33.6,40.5,9.4
La Rosa de Guadalupe,Las Estrellas,Telenovela,15:00,Tarde,Lunes,2024-08-26,3,31,11.14,46.6,13.6,66.9,33.1,21.2,36.3,42.5,7.63
La Rosa de Guadalupe,Las Estrellas,Telenovela,15:00,Tarde,Lunes,2024-09-02,3,32,9.97,46.2,12.94,59.6,40.4,26.7,37.3,36.0,7.7
La Rosa de Guadalupe,Las Estrellas,Telenovela,15:00,Tarde,Lunes,2024-09-09,3,33,11.04,45.2,12.61,64.9,35.1,20.2,32.1,47.7,6.32
La Rosa de Guadalupe,Las Estrellas,Telenovela,15:00,Tarde,Lunes,2024-09-16,3,34,11.28,45.8,13.75,59.4,40.6,21.2,38.5,40.3,8.58
La Rosa de Guadalupe,Las Estrellas,Telenovela,15:00,Tarde,Lunes,2024-09-23,3,35,10.33,46.8,13.27,66.8,33.2,26.8,37.9,35.3,8.57
La Rosa de Guadalupe,Las Estrellas,Telenovela,15:00,Tarde,Lunes,2024-09-30,3,36,10.54,47.3,12.96,68.6,31.4,29.6,30.9,39.5,6.32
La Rosa de Guadalupe,Las Estrellas,Telenovela,15:00,Tarde,Lunes,2024-10-07,3,37,10.82,49.1,13.13,59.3,40.7,19.7,38.3,42.0,8.22
La Rosa de Guadalupe,Las Estrellas,Telenovela,15:00,Tarde,Lunes,2024-10-14,3,38,11.57,46.4,13.87,56.2,43.8,18.6,35.2,46.2,7.48
La Rosa de Guadalupe,Las Estrellas,Telenovela,15:00,Tarde,Lunes,2024-10-21,3,39,11.2,48.1,14.47,67.5,32.5,26.1,41.4,32.5,9.52
La Rosa de Guadalupe,Las Estrellas,Telenovela,15:00,Tarde,Lunes,2024-10-28,3,40,11.13,46.7,12.33,66.3,33.7,24.6,37.8,37.6,9.18
La Rosa de Guadalupe,Las Estrellas,Telenovela,15:00,Tarde,Lunes,2024-11-04,3,41,11.57,49.9,14.2,62.4,37.6,19.3,34.2,46.5,7.52
La Rosa de Guadalupe,Las Estrellas,Telenovela,15:00,Tarde,Lunes,2024-11-11,3,42,11.05,45.8,12.88,65.4,34.6,22.0,41.3,36.7,8.77
La Rosa de Guadalupe,Las Estrellas,Telenovela,15:00,Tarde,Lunes,2024-11-18,3,43,11.09,48.2,12.9,59.8,40.2,31.6,34.9,33.5,7.81
La Rosa de Guadalupe,Las Estrellas,Telenovela,15:00,Tarde,Lunes,2024-11-25,3,44,12.17,48.9,14.71,61.2,38.8,20.6,34.3,45.1,9.46
La Rosa de Guadalupe,Las Estrellas,Telenovela,15:00,Tarde,Lunes,2024-12-02,3,45,11.19,47.7,12.76,63.2,36.8,31.0,35.3,33.7,8.5
La Rosa de Guadalupe,Las Estrellas,Telenovela,15:00,Tarde,Lunes,2024-12-09,3,46,12.52,52.6,15.3,58.6,41.4,20.2,36.6,43.2,8.96
La Rosa de Guadalupe,Las Estrellas,Telenovela,15:00,Tarde,Lunes,2024-12-16,3,47,12.86,52.8,16.49,61.9,38.1,19.6,40.0,40.4,9.0
La Rosa de Guadalupe,Las Estrellas,Telenovela,15:00,Tarde,Lunes,2024-12-23,3,48,11.81,48.8,13.64,67.5,32.5,31.7,32.9,35.4,8.45
La Rosa de Guadalupe,Las Estrellas,Telenovela,15:00,Tarde,Lunes,2024-12-30,3,49,11.32,53.2,13.6,68.2,31.8,30.1,33.3,36.6,8.91
La Rosa de Guadalupe,Las Estrellas,Telenovela,15:00,Tarde,Lunes,2025-01-06,3,50,11.27,53.1,13.54,67.3,32.7,22.0,33.6,44.4,8.18
Te Doy la Vida,Las Estrellas,Telenovela,20:30,Noche,Domingo,2024-02-25,3,1,9.43,39.7,11.02,63.3,36.7,25.6,35.5,38.9,6.1
Te Doy la Vida,Las Estrellas,Telenovela,20:30,Noche,Domingo,2024-03-03,3,2,9.4,40.5,11.41,58.5,41.5,28.9,30.5,40.6,7.27
Te Doy la Vida,Las Estrellas,Telenovela,20:30,Noche,Domingo,2024-03-10,3,3,9.0,35.8,10.59,65.0,35.0,29.5,41.8,28.7,6.29
Te Doy la Vida,Las Estrellas,Telenovela,20:30,Noche,Domingo,2024-03-17,3,4,9.7,39.0,11.81,68.0,32.0,30.2,35.3,34.5,6.87
Te Doy la Vida,Las Estrellas,Telenovela,20:30,Noche,Domingo,2024-03-24,3,5,8.66,39.4,10.24,64.8,35.2,20.2,35.6,44.2,7.28
Te Doy la Vida,Las Estrellas,Telenovela,20:30,Noche,Domingo,2024-03-31,3,6,8.99,40.9,11.06,67.8,32.2,29.9,40.3,29.8,5.97
Te Doy la Vida,Las Estrellas,Telenovela,20:30,Noche,Domingo,2024-04-07,3,7,9.1,41.3,11.39,68.1,31.9,18.5,30.8,50.7,6.73
Te Doy la Vida,Las Estrellas,Telenovela,20:30,Noche,Domingo,2024-04-14,3,8,10.61,36.9,13.26,61.5,38.5,19.4,37.6,43.0,8.61
Te Doy la Vida,Las Estrellas,Telenovela,20:30,Noche,Domingo,2024-04-21,3,9,8.86,40.3,11.35,55.7,44.3,29.1,33.5,37.4,5.87
Te Doy la Vida,Las Estrellas,Telenovela,20:30,Noche,Domingo,2024-04-28,3,10,9.78,41.2,11.86,66.9,33.1,20.4,30.9,48.7,7.93
Te Doy la Vida,Las Estrellas,Telenovela,20:30,Noche,Domingo,2024-05-05,3,11,9.31,39.1,11.94,57.1,42.9,24.5,33.0,42.5,5.83
Te Doy la Vida,Las Estrellas,Telenovela,20:30,Noche,Domingo,2024-05-12,3,12,10.29,40.3,13.17,65.2,34.8,20.2,35.3,44.5,6.73
Te Doy la Vida,Las Estrellas,Telenovela,20:30,Noche,Domingo,2024-05-19,3,13,9.13,39.2,10.82,58.8,41.2,29.8,32.4,37.8,6.08
Te Doy la Vida,Las Estrellas,Telenovela,20:30,Noche,Domingo,2024-05-26,3,14,9.37,40.6,11.38,63.6,36.4,31.9,33.5,34.6,7.9
Te Doy la Vida,Las Estrellas,Telenovela,20:30,Noche,Domingo,2024-06-02,3,15,9.54,39.7,11.57,65.3,34.7,28.4,30.6,41.0,6.98
Te Doy la Vida,Las Estrellas,Telenovela,20:30,Noche,Domingo,2024-06-09,3,16,8.89,41.0,10.29,67.0,33.0,26.5,34.2,39.3,6.59
Te Doy la Vida,Las Estrellas,Telenovela,20:30,Noche,Domingo,2024-06-16,3,17,9.37,39.6,11.66,64.9,35.1,29.7,37.5,32.8,7.69
Te Doy la Vida,Las Estrellas,Telenovela,20:30,Noche,Domingo,2024-06-23,3,18,9.65,40.4,11.47,63.7,36.3,28.3,31.1,40.6,6.16
Te Doy la Vida,Las Estrellas,Telenovela,20:30,Noche,Domingo,2024-06-30,3,19,9.91,40.7,11.16,63.1,36.9,31.6,36.4,32.0,8.17
Te Doy la Vida,Las Estrellas,Telenovela,20:30,Noche,Domingo,2024-07-07,3,20,10.11,40.8,12.79,62.2,37.8,29.3,39.0,31.7,6.59
Te Doy la Vida,Las Estrellas,Telenovela,20:30,Noche,Domingo,2024-07-14,3,21,10.79,44.6,12.17,69.5,30.5,30.0,38.7,31.3,9.11
Te Doy la Vida,Las Estrellas,Telenovela,20:30,Noche,Domingo,2024-07-21,3,22,10.78,41.8,12.65,66.9,33.1,18.2,36.4,45.4,7.4
Te Doy la Vida,Las Estrellas,Telenovela,20:30,Noche,Domingo,2024-07-28,3,23,9.85,40.6,11.99,67.3,32.7,31.2,31.3,37.5,6.11
Te Doy la Vida,Las Estrellas,Telenovela,20:30,Noche,Domingo,2024-08-04,3,24,11.0,43.3,13.34,68.7,31.3,21.1,30.8,48.1,8.77
Te Doy la Vida,Las Estrellas,Telenovela,20:30,Noche,Domingo,2024-08-11,3,25,10.53,42.4,12.44,57.1,42.9,31.2,33.7,35.1,7.35
Te Doy la Vida,Las Estrellas,Telenovela,20:30,Noche,Domingo,2024-08-18,3,26,10.98,45.2,12.38,61.8,38.2,27.4,38.9,33.7,9.16
Te Doy la Vida,Las Estrellas,Telenovela,20:30,Noche,Domingo,2024-08-25,3,27,9.78,44.8,11.06,61.2,38.8,19.4,35.9,44.7,6.58
Te Doy la Vida,Las Estrellas,Telenovela,20:30,Noche,Domingo,2024-09-01,3,28,10.52,43.8,12.35,61.7,38.3,31.3,40.3,28.4,6.1
Te Doy la Vida,Las Estrellas,Telenovela,20:30,Noche,Domingo,2024-09-08,3,29,10.28,42.4,13.32,60.4,39.6,23.6,32.3,44.1,6.03
Te Doy la Vida,Las Estrellas,Telenovela,20:30,Noche,Domingo,2024-09-15,3,30,10.8,43.1,13.31,64.6,35.4,26.4,30.3,43.3,8.49
Te Doy la Vida,Las Estrellas,Telenovela,20:30,Noche,Domingo,2024-09-22,3,31,10.61,45.5,12.87,56.0,44.0,28.7,32.5,38.8,6.52
Te Doy la Vida,Las Estrellas,Telenovela,20:30,Noche,Domingo,2024-09-29,3,32,10.91,44.0,12.32,68.5,31.5,18.0,40.3,41.7,6.47
Te Doy la Vida,Las Estrellas,Telenovela,20:30,Noche,Domingo,2024-10-06,3,33,10.94,46.1,12.42,64.9,35.1,18.4,30.2,51.4,8.61
Te Doy la Vida,Las Estrellas,Telenovela,20:30,Noche,Domingo,2024-10-13,3,34,10.83,46.9,12.29,55.8,44.2,28.4,36.3,35.3,8.38
Te Doy la Vida,Las Estrellas,Telenovela,20:30,Noche,Domingo,2024-10-20,3,35,10.18,46.3,12.24,56.6,43.4,25.1,41.3,33.6,5.73
Te Doy la Vida,Las Estrellas,Telenovela,20:30,Noche,Domingo,2024-10-27,3,36,11.1,43.3,13.37,61.9,38.1,31.5,30.7,37.8,7.7
Te Doy la Vida,Las Estrellas,Telenovela,20:30,Noche,Domingo,2024-11-03,3,37,10.51,47.8,12.59,68.6,31.4,19.0,31.0,50.0,7.7
Te Doy la Vida,Las Estrellas,Telenovela,20:30,Noche,Domingo,2024-11-10,3,38,11.37,47.3,13.95,63.2,36.8,22.6,41.9,35.5,8.06
Te Doy la Vida,Las Estrellas,Telenovela,20:30,Noche,Domingo,2024-11-17,3,39,10.62,47.7,11.89,65.5,34.5,29.9,37.8,32.3,8.29
Te Doy la Vida,Las Estrellas,Telenovela,20:30,Noche,Domingo,2024-11-24,3,40,11.17,46.4,13.3,58.4,41.6,22.7,35.4,41.9,7.54
Te Doy la Vida,Las Estrellas,Telenovela,20:30,Noche,Domingo,2024-12-01,3,41,11.64,48.7,14.35,60.6,39.4,20.1,41.1,38.8,6.64
Te Doy la Vida,Las Estrellas,Telenovela,20:30,Noche,Domingo,2024-12-08,3,42,11.45,47.5,12.82,66.1,33.9,29.4,36.7,33.9,8.31
Te Doy la Vida,Las Estrellas,Telenovela,20:30,Noche,Domingo,2024-12-15,3,43,11.11,48.0,12.49,60.3,39.7,27.3,39.0,33.7,9.0
Te Doy la Vida,Las Estrellas,Telenovela,20:30,Noche,Domingo,2024-12-22,3,44,11.33,44.9,13.82,60.3,39.7,26.1,32.6,41.3,8.46
Te Doy la Vida,Las Estrellas,Telenovela,20:30,Noche,Domingo,2024-12-29,3,45,11.62,49.9,14.75,60.5,39.5,28.7,36.9,34.4,9.2
Te Doy la Vida,Las Estrellas,Telenovela,20:30,Noche,Domingo,2025-01-05,3,46,12.28,46.1,15.52,64.2,35.8,27.0,30.3,42.7,10.18
Te Doy la Vida,Las Estrellas,Telenovela,20:30,Noche,Domingo,2025-01-12,3,47,11.9,48.8,13.52,65.5,34.5,22.3,34.1,43.6,6.57
Te Doy la Vida,Las Estrellas,Telenovela,20:30,Noche,Domingo,2025-01-19,3,48,12.18,48.8,14.37,57.1,42.9,26.9,30.4,42.7,9.43
Te Doy la Vida,Las Estrellas,Telenovela,20:30,Noche,Domingo,2025-01-26,3,49,12.0,52.1,14.02,60.6,39.4,28.1,39.3,32.6,8.64
Te Doy la Vida,Las Estrellas,Telenovela,20:30,Noche,Domingo,2025-02-02,3,50,12.11,51.2,13.7,64.3,35.7,27.4,33.3,39.3,9.07
Te Doy la Vida,Las Estrellas,Telenovela,20:30,Noche,Domingo,2025-02-09,3,51,11.64,51.4,13.44,66.3,33.7,19.6,35.2,45.2,7.39
Netas Divinas,Unicable,Talk Show,21:00,Noche,Sábado,2024-02-03,3,1,3.65,12.7,4.3,64.0,36.0,18.1,33.6,48.3,2.24
Netas Divinas,Unicable,Talk Show,21:00,Noche,Sábado,2024-02-10,3,2,3.92,14.0,4.57,55.1,44.9,28.5,32.1,39.4,2.6
Netas Divinas,Unicable,Talk Show,21:00,Noche,Sábado,2024-02-17,3,3,3.6,11.5,4.56,67.1,32.9,19.0,40.3,40.7,2.03
Netas Divinas,Unicable,Talk Show,21:00,Noche,Sábado,2024-02-24,3,4,4.65,13.6,5.92,63.6,36.4,26.0,38.5,35.5,3.14
Netas Divinas,Unicable,Talk Show,21:00,Noche,Sábado,2024-03-02,3,5,3.83,13.5,4.46,67.0,33.0,26.7,40.0,33.3,3.16
Netas Divinas,Unicable,Talk Show,21:00,Noche,Sábado,2024-03-09,3,6,4.44,14.9,5.1,63.8,36.2,25.3,34.7,40.0,2.86
Netas Divinas,Unicable,Talk Show,21:00,Noche,Sábado,2024-03-16,3,7,3.6,14.5,4.08,62.7,37.3,19.6,36.1,44.3,2.96
Netas Divinas,Unicable,Talk Show,21:00,Noche,Sábado,2024-03-23,3,8,3.43,15.4,4.33,67.2,32.8,21.3,31.8,46.9,2.09
Netas Divinas,Unicable,Talk Show,21:00,Noche,Sábado,2024-03-30,3,9,3.28,12.0,4.04,57.7,42.3,28.8,35.9,35.3,2.55
Netas Divinas,Unicable,Talk Show,21:00,Noche,Sábado,2024-04-06,3,10,3.87,12.0,4.97,63.5,36.5,26.9,37.5,35.6,3.13
Netas Divinas,Unicable,Talk Show,21:00,Noche,Sábado,2024-04-13,3,11,3.7,13.0,4.12,61.6,38.4,22.2,33.3,44.5,2.1
Netas Divinas,Unicable,Talk Show,21:00,Noche,Sábado,2024-04-20,3,12,3.53,13.7,4.2,55.9,44.1,29.6,30.9,39.5,2.86
Netas Divinas,Unicable,Talk Show,21:00,Noche,Sábado,2024-04-27,3,13,4.23,12.2,5.08,61.9,38.1,25.8,39.5,34.7,3.46
Netas Divinas,Unicable,Talk Show,21:00,Noche,Sábado,2024-05-04,3,14,3.21,14.7,3.95,59.8,40.2,24.7,31.8,43.5,1.83
Netas Divinas,Unicable,Talk Show,21:00,Noche,Sábado,2024-05-11,3,15,4.6,15.9,5.38,65.7,34.3,25.1,32.1,42.8,2.87
Netas Divinas,Unicable,Talk Show,21:00,Noche,Sábado,2024-05-18,3,16,3.54,14.6,4.26,57.4,42.6,23.2,33.4,43.4,2.38
Netas Divinas,Unicable,Talk Show,21:00,Noche,Sábado,2024-05-25,3,17,3.67,15.8,4.62,64.7,35.3,18.9,31.1,50.0,2.77
Netas Divinas,Unicable,Talk Show,21:00,Noche,Sábado,2024-06-01,3,18,3.84,16.5,4.73,68.6,31.4,30.2,34.0,35.8,2.78
Netas Divinas,Unicable,Talk Show,21:00,Noche,Sábado,2024-06-08,3,19,4.23,15.3,5.47,65.5,34.5,23.5,37.1,39.4,3.52
Netas Divinas,Unicable,Talk Show,21:00,Noche,Sábado,2024-06-15,3,20,3.87,15.7,4.87,67.2,32.8,27.4,39.9,32.7,2.99
Netas Divinas,Unicable,Talk Show,21:00,Noche,Sábado,2024-06-22,3,21,3.84,12.7,4.72,61.4,38.6,23.1,34.4,42.5,2.32
Netas Divinas,Unicable,Talk Show,21:00,Noche,Sábado,2024-06-29,3,22,4.27,18.0,5.11,58.4,41.6,19.9,30.9,49.2,3.43
Netas Divinas,Unicable,Talk Show,21:00,Noche,Sábado,2024-07-06,3,23,4.63,16.1,5.87,68.3,31.7,18.5,34.0,47.5,3.61
Netas Divinas,Unicable,Talk Show,21:00,Noche,Sábado,2024-07-13,3,24,4.36,15.7,4.94,67.5,32.5,28.8,39.7,31.5,2.61
Netas Divinas,Unicable,Talk Show,21:00,Noche,Sábado,2024-07-20,3,25,3.74,15.3,4.62,58.6,41.4,24.2,33.4,42.4,2.9
Netas Divinas,Unicable,Talk Show,21:00,Noche,Sábado,2024-07-27,3,26,3.67,15.4,4.26,67.1,32.9,24.6,40.0,35.4,2.42
Netas Divinas,Unicable,Talk Show,21:00,Noche,Sábado,2024-08-03,3,27,5.25,13.5,6.26,59.2,40.8,23.3,36.3,40.4,4.41
Netas Divinas,Unicable,Talk Show,21:00,Noche,Sábado,2024-08-10,3,28,4.47,12.6,5.04,58.8,41.2,27.0,40.5,32.5,3.2
Netas Divinas,Unicable,Talk Show,21:00,Noche,Sábado,2024-08-17,3,29,4.82,16.9,6.12,59.3,40.7,28.7,33.3,38.0,3.96
Netas Divinas,Unicable,Talk Show,21:00,Noche,Sábado,2024-08-24,3,30,4.48,16.5,5.78,58.3,41.7,24.3,34.2,41.5,2.5
Netas Divinas,Unicable,Talk Show,21:00,Noche,Sábado,2024-08-31,3,31,4.69,15.9,5.38,69.9,30.1,23.2,30.3,46.5,3.89
Netas Divinas,Unicable,Talk Show,21:00,Noche,Sábado,2024-09-07,3,32,4.58,13.6,5.76,57.1,42.9,22.0,40.0,38.0,3.48
Netas Divinas,Unicable,Talk Show,21:00,Noche,Sábado,2024-09-14,3,33,4.7,17.3,5.59,55.1,44.9,19.1,33.1,47.8,3.76
Netas Divinas,Unicable,Talk Show,21:00,Noche,Sábado,2024-09-21,3,34,3.71,14.9,4.47,56.7,43.3,22.0,33.6,44.4,2.09
Netas Divinas,Unicable,Talk Show,21:00,Noche,Sábado,2024-09-28,3,35,3.72,17.0,4.43,56.7,43.3,30.7,37.2,32.1,2.06
Netas Divinas,Unicable,Talk Show,21:00,Noche,Sábado,2024-10-05,3,36,4.07,15.7,4.59,61.4,38.6,26.6,32.9,40.5,2.75
Netas Divinas,Unicable,Talk Show,21:00,Noche,Sábado,2024-10-12,3,37,4.31,15.4,5.58,56.0,44.0,25.4,36.1,38.5,3.65
Netas Divinas,Unicable,Talk Show,21:00,Noche,Sábado,2024-10-19,3,38,4.04,15.5,4.82,64.5,35.5,31.7,33.0,35.3,2.24
Netas Divinas,Unicable,Talk Show,21:00,Noche,Sábado,2024-10-26,3,39,4.53,14.8,5.65,64.4,35.6,28.8,38.8,32.4,2.94
Netas Divinas,Unicable,Talk Show,21:00,Noche,Sábado,2024-11-02,3,40,4.96,16.8,6.26,57.6,42.4,28.9,35.6,35.5,3.76
Netas Divinas,Unicable,Talk Show,21:00,Noche,Sábado,2024-11-09,3,41,4.0,14.3,4.45,66.6,33.4,24.4,33.5,42.1,2.25
Netas Divinas,Unicable,Talk Show,21:00,Noche,Sábado,2024-11-16,3,42,4.56,16.9,5.87,62.7,37.3,31.8,36.5,31.7,2.85
Netas Divinas,Unicable,Talk Show,21:00,Noche,Sábado,2024-11-23,3,43,4.56,15.6,5.34,66.7,33.3,30.1,34.0,35.9,2.68
Netas Divinas,Unicable,Talk Show,21:00,Noche,Sábado,2024-11-30,3,44,4.01,19.0,5.01,68.4,31.6,23.4,41.7,34.9,2.8
Netas Divinas,Unicable,Talk Show,21:00,Noche,Sábado,2024-12-07,3,45,3.7,16.9,4.45,67.0,33.0,28.2,30.9,40.9,2.7
Netas Divinas,Unicable,Talk Show,21:00,Noche,Sábado,2024-12-14,3,46,4.86,15.2,5.66,56.2,43.8,27.3,33.7,39.0,3.55
Netas Divinas,Unicable,Talk Show,21:00,Noche,Sábado,2024-12-21,3,47,4.12,18.1,4.82,55.6,44.4,30.2,34.2,35.6,3.5
Netas Divinas,Unicable,Talk Show,21:00,Noche,Sábado,2024-12-28,3,48,4.52,21.3,5.83,56.1,43.9,26.9,34.4,38.7,3.57
Netas Divinas,Unicable,Talk Show,21:00,Noche,Sábado,2025-01-04,3,49,4.3,14.0,4.85,64.1,35.9,28.9,30.4,40.7,2.45
Netas Divinas,Unicable,Talk Show,21:00,Noche,Sábado,2025-01-11,3,50,4.82,16.0,5.67,63.5,36.5,26.5,38.1,35.4,4.02
Netas Divinas,Unicable,Talk Show,21:00,Noche,Sábado,2025-01-18,3,51,4.31,19.4,5.24,62.9,37.1,23.6,37.8,38.6,2.69
El Noticiero,Las Estrellas,Noticias,22:30,Noche,Sábado,2024-02-17,1,1,8.77,40.0,11.25,46.5,53.5,28.8,38.4,32.8,5.39
El Noticiero,Las Estrellas,Noticias,22:30,Noche,Sábado,2024-02-24,1,2,8.2,37.3,10.66,47.6,52.4,19.9,30.9,49.2,4.93
El Noticiero,Las Estrellas,Noticias,22:30,Noche,Sábado,2024-03-02,1,3,8.46,34.2,10.68,57.6,42.4,31.8,38.0,30.2,6.45
El Noticiero,Las Estrellas,Noticias,22:30,Noche,Sábado,2024-03-09,1,4,8.55,39.3,9.92,47.0,53.0,27.9,38.4,33.7,5.15
El Noticiero,Las Estrellas,Noticias,22:30,Noche,Sábado,2024-03-16,1,5,8.79,40.9,11.4,55.3,44.7,21.3,35.9,42.8,5.79
El Noticiero,Las Estrellas,Noticias,22:30,Noche,Sábado,2024-03-23,1,6,8.69,39.9,11.27,46.7,53.3,30.4,30.8,38.8,5.82
El Noticiero,Las Estrellas,Noticias,22:30,Noche,Sábado,2024-03-30,1,7,9.11,39.5,10.77,50.3,49.7,26.0,31.5,42.5,5.88
El Noticiero,Las Estrellas,Noticias,22:30,Noche,Sábado,2024-04-06,1,8,9.73,42.5,11.71,46.7,53.3,29.6,36.6,33.8,7.07
El Noticiero,Las Estrellas,Noticias,22:30,Noche,Sábado,2024-04-13,1,9,9.49,41.5,11.39,56.3,43.7,29.6,36.2,34.2,6.09
El Noticiero,Las Estrellas,Noticias,22:30,Noche,Sábado,2024-04-20,1,10,10.09,45.9,11.55,57.3,42.7,25.3,33.4,41.3,5.79
El Noticiero,Las Estrellas,Noticias,22:30,Noche,Sábado,2024-04-27,1,11,10.07,47.1,11.63,53.1,46.9,26.6,31.1,42.3,7.47
El Noticiero,Las Estrellas,Noticias,22:30,Noche,Sábado,2024-05-04,1,12,9.45,43.1,10.72,53.1,46.9,30.6,34.1,35.3,7.82
El Noticiero,Las Estrellas,Noticias,22:30,Noche,Sábado,2024-05-11,1,13,10.81,45.7,12.07,57.3,42.7,28.8,33.2,38.0,6.63
El Noticiero,Las Estrellas,Noticias,22:30,Noche,Sábado,2024-05-18,1,14,9.7,44.7,10.73,56.6,43.4,25.6,37.7,36.7,6.21
El Noticiero,Las Estrellas,Noticias,22:30,Noche,Sábado,2024-05-25,1,15,10.39,49.1,12.27,50.9,49.1,27.6,31.9,40.5,7.01
El Noticiero,Las Estrellas,Noticias,22:30,Noche,Sábado,2024-06-01,1,16,10.18,47.4,11.49,56.2,43.8,22.5,41.9,35.6,6.65
El Noticiero,Las Estrellas,Noticias,22:30,Noche,Sábado,2024-06-08,1,17,10.17,49.4,12.23,46.4,53.6,21.4,31.5,47.1,6.97
El Noticiero,Las Estrellas,Noticias,22:30,Noche,Sábado,2024-06-15,1,18,10.98,49.1,14.15,56.2,43.8,23.9,41.6,34.5,9.01
El Noticiero,Las Estrellas,Noticias,22:30,Noche,Sábado,2024-06-22,1,19,11.44,46.3,14.23,47.5,52.5,20.2,42.0,37.8,7.89
El Noticiero,Las Estrellas,Noticias,22:30,Noche,Sábado,2024-06-29,1,20,11.62,49.2,12.99,50.1,49.9,24.4,32.9,42.7,8.42
El Noticiero,Las Estrellas,Noticias,22:30,Noche,Sábado,2024-07-06,1,21,11.79,51.7,14.38,56.0,44.0,27.4,33.4,39.2,6.51
Rica Famosa Latina,Unicable,Reality,22:00,Noche,Martes,2024-01-09,1,1,3.59,11.4,4.5,49.8,50.2,23.6,36.8,39.6,2.18
Rica Famosa Latina,Unicable,Reality,22:00,Noche,Martes,2024-01-16,1,2,2.98,12.9,3.58,54.9,45.1,21.9,41.9,36.2,2.25
Rica Famosa Latina,Unicable,Reality,22:00,Noche,Martes,2024-01-23,1,3,3.94,15.9,4.64,55.3,44.7,22.7,41.3,36.0,3.06
Rica Famosa Latina,Unicable,Reality,22:00,Noche,Martes,2024-01-30,1,4,3.31,14.9,3.97,45.6,54.4,19.9,34.0,46.1,2.29
Rica Famosa Latina,Unicable,Reality,22:00,Noche,Martes,2024-02-06,1,5,2.64,13.8,3.18,49.3,50.7,26.6,32.0,41.4,2.24
Rica Famosa Latina,Unicable,Reality,22:00,Noche,Martes,2024-02-13,1,6,3.16,12.1,3.69,55.8,44.2,25.5,38.5,36.0,2.02
Rica Famosa Latina,Unicable,Reality,22:00,Noche,Martes,2024-02-20,1,7,3.36,12.1,4.15,57.7,42.3,26.2,39.6,34.2,2.58
Rica Famosa Latina,Unicable,Reality,22:00,Noche,Martes,2024-02-27,1,8,3.18,13.2,3.8,57.6,42.4,29.0,39.3,31.7,2.3
Rica Famosa Latina,Unicable,Reality,22:00,Noche,Martes,2024-03-05,1,9,3.14,11.6,3.56,53.2,46.8,26.7,40.1,33.2,1.87
Rica Famosa Latina,Unicable,Reality,22:00,Noche,Martes,2024-03-12,1,10,3.21,13.3,4.14,46.4,53.6,18.3,33.8,47.9,1.91
Rica Famosa Latina,Unicable,Reality,22:00,Noche,Martes,2024-03-19,1,11,3.12,12.3,3.92,57.0,43.0,30.2,38.8,31.0,1.77
Rica Famosa Latina,Unicable,Reality,22:00,Noche,Martes,2024-03-26,1,12,3.46,14.6,4.03,53.6,46.4,25.4,33.8,40.8,2.08
Rica Famosa Latina,Unicable,Reality,22:00,Noche,Martes,2024-04-02,1,13,3.62,13.1,4.24,55.0,45.0,28.1,37.7,34.2,2.74
Rica Famosa Latina,Unicable,Reality,22:00,Noche,Martes,2024-04-09,1,14,3.12,13.3,3.59,52.3,47.7,21.1,41.7,37.2,1.99
Rica Famosa Latina,Unicable,Reality,22:00,Noche,Martes,2024-04-16,1,15,3.28,15.0,4.07,49.1,50.9,22.9,41.2,35.9,2.59
Rica Famosa Latina,Unicable,Reality,22:00,Noche,Martes,2024-04-23,1,16,3.34,14.9,4.13,49.9,50.1,31.7,39.8,28.5,2.79
Rica Famosa Latina,Unicable,Reality,22:00,Noche,Martes,2024-04-30,1,17,3.5,13.0,4.05,54.3,45.7,22.8,35.3,41.9,2.19
Rica Famosa Latina,Unicable,Reality,22:00,Noche,Martes,2024-05-07,1,18,3.14,14.4,3.79,57.1,42.9,27.7,31.6,40.7,2.31
Rica Famosa Latina,Unicable,Reality,22:00,Noche,Martes,2024-05-14,1,19,3.17,13.8,3.91,51.9,48.1,26.9,30.6,42.5,2.14
Rica Famosa Latina,Unicable,Reality,22:00,Noche,Martes,2024-05-21,1,20,3.41,13.8,4.28,45.1,54.9,25.7,41.1,33.2,2.29
Rica Famosa Latina,Unicable,Reality,22:00,Noche,Martes,2024-05-28,1,21,4.22,13.3,5.04,47.6,52.4,31.5,33.9,34.6,3.14
Rica Famosa Latina,Unicable,Reality,22:00,Noche,Martes,2024-06-04,1,22,3.64,14.3,4.42,52.0,48.0,28.1,41.2,30.7,3.0
Rica Famosa Latina,Unicable,Reality,22:00,Noche,Martes,2024-06-11,1,23,3.89,17.5,4.42,57.0,43.0,32.0,34.8,33.2,2.72
Rica Famosa Latina,Unicable,Reality,22:00,Noche,Martes,2024-06-18,1,24,4.48,13.3,5.76,56.4,43.6,18.1,36.8,45.1,2.61
Rica Famosa Latina,Unicable,Reality,22:00,Noche,Martes,2024-06-25,1,25,3.89,14.8,5.05,52.1,47.9,24.9,41.3,33.8,3.13
Rica Famosa Latina,Unicable,Reality,22:00,Noche,Martes,2024-07-02,1,26,3.33,15.2,3.74,47.1,52.9,24.4,33.1,42.5,2.02
Rica Famosa Latina,Unicable,Reality,22:00,Noche,Martes,2024-07-09,1,27,3.55,12.5,4.31,54.8,45.2,20.5,40.3,39.2,2.91
Rica Famosa Latina,Unicable,Reality,22:00,Noche,Martes,2024-07-16,1,28,3.86,13.6,4.31,53.7,46.3,20.6,31.7,47.7,2.5
Rica Famosa Latina,Unicable,Reality,22:00,Noche,Martes,2024-07-23,1,29,3.66,16.5,4.2,54.8,45.2,31.4,33.6,35.0,2.81
Rica Famosa Latina,Unicable,Reality,22:00,Noche,Martes,2024-07-30,1,30,4.27,15.6,5.29,45.8,54.2,19.7,33.7,46.6,2.87
Rica Famosa Latina,Unicable,Reality,22:00,Noche,Martes,2024-08-06,1,31,2.86,15.5,3.55,49.0,51.0,19.6,41.0,39.4,1.83
Rica Famosa Latina,Unicable,Reality,22:00,Noche,Martes,2024-08-13,1,32,3.53,15.0,3.98,47.0,53.0,28.5,37.3,34.2,2.38
Rica Famosa Latina,Unicable,Reality,22:00,Noche,Martes,2024-08-20,1,33,3.33,15.3,4.02,53.6,46.4,21.1,33.0,45.9,2.59
Rica Famosa Latina,Unicable,Reality,22:00,Noche,Martes,2024-08-27,1,34,3.91,15.5,4.65,54.1,45.9,19.1,36.8,44.1,2.22
Rica Famosa Latina,Unicable,Reality,22:00,Noche,Martes,2024-09-03,1,35,3.37,15.5,4.09,46.9,53.1,22.6,36.2,41.2,1.97
Rica Famosa Latina,Unicable,Reality,22:00,Noche,Martes,2024-09-10,1,36,3.99,18.0,4.46,51.6,48.4,29.3,35.4,35.3,2.81
Rica Famosa Latina,Unicable,Reality,22:00,Noche,Martes,2024-09-17,1,37,3.74,16.4,4.46,55.5,44.5,28.1,34.8,37.1,2.97
Rica Famosa Latina,Unicable,Reality,22:00,Noche,Martes,2024-09-24,1,38,3.89,14.4,4.31,49.5,50.5,18.9,41.9,39.2,3.23
Rica Famosa Latina,Unicable,Reality,22:00,Noche,Martes,2024-10-01,1,39,4.78,18.0,5.29,50.3,49.7,28.8,39.2,32.0,4.03
Rica Famosa Latina,Unicable,Reality,22:00,Noche,Martes,2024-10-08,1,40,3.71,15.4,4.82,50.0,50.0,30.2,40.9,28.9,2.46
Rica Famosa Latina,Unicable,Reality,22:00,Noche,Martes,2024-10-15,1,41,3.75,14.7,4.53,53.5,46.5,22.9,32.1,45.0,2.67
Rica Famosa Latina,Unicable,Reality,22:00,Noche,Martes,2024-10-22,1,42,3.39,16.4,3.88,45.0,55.0,18.3,33.6,48.1,2.55
Rica Famosa Latina,Unicable,Reality,22:00,Noche,Martes,2024-10-29,1,43,3.58,16.5,4.53,48.2,51.8,22.8,33.3,43.9,2.98
Rica Famosa Latina,Unicable,Reality,22:00,Noche,Martes,2024-11-05,1,44,4.06,16.4,5.12,50.5,49.5,28.7,40.6,30.7,2.25
Rica Famosa Latina,Unicable,Reality,22:00,Noche,Martes,2024-11-12,1,45,4.17,17.9,4.62,52.8,47.2,27.8,30.6,41.6,3.22
Rica Famosa Latina,Unicable,Reality,22:00,Noche,Martes,2024-11-19,1,46,3.91,18.0,4.47,56.2,43.8,18.8,36.0,45.2,2.49
Rica Famosa Latina,Unicable,Reality,22:00,Noche,Martes,2024-11-26,1,47,4.45,15.3,5.18,52.8,47.2,27.4,33.8,38.8,2.85
Al Extremo,TV Azteca,Entretenimiento,23:00,Trasnoche,Sábado,2024-01-27,1,1,6.19,27.7,7.98,56.4,43.6,30.8,37.5,31.7,4.2
Al Extremo,TV Azteca,Entretenimiento,23:00,Trasnoche,Sábado,2024-02-03,1,2,5.21,27.4,6.71,53.7,46.3,29.0,33.8,37.2,3.52
Al Extremo,TV Azteca,Entretenimiento,23:00,Trasnoche,Sábado,2024-02-10,1,3,6.55,28.7,8.19,51.2,48.8,29.9,33.6,36.5,4.99
Al Extremo,TV Azteca,Entretenimiento,23:00,Trasnoche,Sábado,2024-02-17,1,4,6.66,24.6,8.08,57.6,42.4,25.8,31.6,42.6,4.15
Al Extremo,TV Azteca,Entretenimiento,23:00,Trasnoche,Sábado,2024-02-24,1,5,6.57,30.0,8.44,56.0,44.0,19.3,38.7,42.0,3.99
Al Extremo,TV Azteca,Entretenimiento,23:00,Trasnoche,Sábado,2024-03-02,1,6,6.38,30.3,7.79,56.4,43.6,20.6,39.1,40.3,4.9
Al Extremo,TV Azteca,Entretenimiento,23:00,Trasnoche,Sábado,2024-03-09,1,7,6.07,27.7,7.73,49.3,50.7,31.4,30.2,38.4,5.05
Al Extremo,TV Azteca,Entretenimiento,23:00,Trasnoche,Sábado,2024-03-16,1,8,6.74,28.3,8.76,51.2,48.8,21.4,37.3,41.3,4.12
Al Extremo,TV Azteca,Entretenimiento,23:00,Trasnoche,Sábado,2024-03-23,1,9,7.03,27.7,8.82,49.9,50.1,25.5,34.3,40.2,4.42
Al Extremo,TV Azteca,Entretenimiento,23:00,Trasnoche,Sábado,2024-03-30,1,10,6.18,28.8,6.92,57.8,42.2,24.6,40.1,35.3,5.09
Al Extremo,TV Azteca,Entretenimiento,23:00,Trasnoche,Sábado,2024-04-06,1,11,6.41,30.3,7.77,47.9,52.1,20.0,33.1,46.9,5.32
Al Extremo,TV Azteca,Entretenimiento,23:00,Trasnoche,Sábado,2024-04-13,1,12,6.39,28.7,7.22,49.3,50.7,23.3,40.0,36.7,4.47
Al Extremo,TV Azteca,Entretenimiento,23:00,Trasnoche,Sábado,2024-04-20,1,13,6.47,27.8,7.45,55.7,44.3,31.5,37.7,30.8,4.51
Al Extremo,TV Azteca,Entretenimiento,23:00,Trasnoche,Sábado,2024-04-27,1,14,7.22,32.2,8.19,54.4,45.6,24.8,41.0,34.2,5.15
Al Extremo,TV Azteca,Entretenimiento,23:00,Trasnoche,Sábado,2024-05-04,1,15,6.84,29.8,7.57,56.0,44.0,31.2,38.0,30.8,5.33
Al Extremo,TV Azteca,Entretenimiento,23:00,Trasnoche,Sábado,2024-05-11,1,16,6.33,31.9,7.26,54.2,45.8,18.1,36.1,45.8,4.19
Al Extremo,TV Azteca,Entretenimiento,23:00,Trasnoche,Sábado,2024-05-18,1,17,6.61,29.2,8.09,51.3,48.7,24.8,30.1,45.1,4.73
Al Extremo,TV Azteca,Entretenimiento,23:00,Trasnoche,Sábado,2024-05-25,1,18,7.61,31.1,8.79,57.7,42.3,18.2,39.8,42.0,5.72
Al Extremo,TV Azteca,Entretenimiento,23:00,Trasnoche,Sábado,2024-06-01,1,19,7.49,28.2,8.4,46.3,53.7,20.1,32.3,47.6,5.3
Al Extremo,TV Azteca,Entretenimiento,23:00,Trasnoche,Sábado,2024-06-08,1,20,7.38,30.5,8.7,49.8,50.2,23.7,36.8,39.5,6.25
Al Extremo,TV Azteca,Entretenimiento,23:00,Trasnoche,Sábado,2024-06-15,1,21,7.41,34.1,9.41,53.5,46.5,30.0,39.1,30.9,4.28
Al Extremo,TV Azteca,Entretenimiento,23:00,Trasnoche,Sábado,2024-06-22,1,22,7.02,33.5,7.8,45.1,54.9,20.4,36.0,43.6,4.77
Al Extremo,TV Azteca,Entretenimiento,23:00,Trasnoche,Sábado,2024-06-29,1,23,7.58,30.6,9.64,46.2,53.8,25.4,30.5,44.1,4.65
Al Extremo,TV Azteca,Entretenimiento,23:00,Trasnoche,Sábado,2024-07-06,1,24,8.1,30.5,9.68,45.6,54.4,19.0,41.1,39.9,6.64
Al Extremo,TV Azteca,Entretenimiento,23:00,Trasnoche,Sábado,2024-07-13,1,25,7.52,33.0,9.67,49.1,50.9,31.5,37.0,31.5,5.83
Al Extremo,TV Azteca,Entretenimiento,23:00,Trasnoche,Sábado,2024-07-20,1,26,7.6,32.0,8.48,47.1,52.9,21.4,40.0,38.6,5.07
Al Extremo,TV Azteca,Entretenimiento,23:00,Trasnoche,Sábado,2024-07-27,1,27,8.06,33.0,10.08,46.8,53.2,31.8,38.7,29.5,5.64
Al Extremo,TV Azteca,Entretenimiento,23:00,Trasnoche,Sábado,2024-08-03,1,28,7.98,34.1,9.48,55.9,44.1,22.8,39.2,38.0,6.67
Al Extremo,TV Azteca,Entretenimiento,23:00,Trasnoche,Sábado,2024-08-10,1,29,7.39,36.1,8.17,48.6,51.4,31.9,35.9,32.2,4.85
Al Extremo,TV Azteca,Entretenimiento,23:00,Trasnoche,Sábado,2024-08-17,1,30,8.41,34.3,10.39,53.6,46.4,19.2,37.4,43.4,6.64
Al Extremo,TV Azteca,Entretenimiento,23:00,Trasnoche,Sábado,2024-08-24,1,31,8.07,34.7,9.13,54.3,45.7,26.9,38.9,34.2,5.21
Al Extremo,TV Azteca,Entretenimiento,23:00,Trasnoche,Sábado,2024-08-31,1,32,8.22,35.8,9.55,49.7,50.3,21.8,31.6,46.6,4.98
Al Extremo,TV Azteca,Entretenimiento,23:00,Trasnoche,Sábado,2024-09-07,1,33,7.8,36.7,9.22,45.3,54.7,23.0,31.1,45.9,5.69
Al Extremo,TV Azteca,Entretenimiento,23:00,Trasnoche,Sábado,2024-09-14,1,34,8.19,37.8,9.49,50.0,50.0,19.2,40.8,40.0,6.73
Futbol Total,TUDN,Deportes,20:00,Noche,Martes,2024-02-13,1,1,4.37,20.7,5.07,37.4,62.6,18.9,35.2,45.9,2.96
Futbol Total,TUDN,Deportes,20:00,Noche,Martes,2024-02-20,1,2,4.4,20.3,5.06,33.7,66.3,26.8,37.1,36.1,2.68
Futbol Total,TUDN,Deportes,20:00,Noche,Martes,2024-02-27,1,3,4.86,21.2,6.27,35.0,65.0,26.7,39.6,33.7,3.15
Futbol Total,TUDN,Deportes,20:00,Noche,Martes,2024-03-05,1,4,4.26,23.0,5.42,44.6,55.4,19.9,33.8,46.3,3.55
Futbol Total,TUDN,Deportes,20:00,Noche,Martes,2024-03-12,1,5,4.77,22.0,6.17,44.5,55.5,22.1,38.3,39.6,3.33
Futbol Total,TUDN,Deportes,20:00,Noche,Martes,2024-03-19,1,6,4.44,20.4,5.22,42.2,57.8,23.5,31.4,45.1,3.19
Futbol Total,TUDN,Deportes,20:00,Noche,Martes,2024-03-26,1,7,4.33,20.1,5.35,38.3,61.7,31.3,35.5,33.2,3.3
Futbol Total,TUDN,Deportes,20:00,Noche,Martes,2024-04-02,1,8,4.48,21.7,5.55,42.3,57.7,29.1,34.9,36.0,3.14
Futbol Total,TUDN,Deportes,20:00,Noche,Martes,2024-04-09,1,9,4.63,20.6,5.7,40.7,59.3,29.0,30.9,40.1,3.92
Futbol Total,TUDN,Deportes,20:00,Noche,Martes,2024-04-16,1,10,4.47,21.9,5.37,43.8,56.2,27.7,36.5,35.8,3.52
Futbol Total,TUDN,Deportes,20:00,Noche,Martes,2024-04-23,1,11,4.38,24.3,5.29,39.6,60.4,19.2,39.2,41.6,3.27
Futbol Total,TUDN,Deportes,20:00,Noche,Martes,2024-04-30,1,12,4.61,23.8,5.11,44.8,55.2,27.5,34.8,37.7,3.58
Futbol Total,TUDN,Deportes,20:00,Noche,Martes,2024-05-07,1,13,5.43,22.0,5.98,33.9,66.1,25.1,36.2,38.7,3.93
Futbol Total,TUDN,Deportes,20:00,Noche,Martes,2024-05-14,1,14,4.68,21.8,5.51,41.6,58.4,26.2,36.0,37.8,3.06
Futbol Total,TUDN,Deportes,20:00,Noche,Martes,2024-05-21,1,15,5.3,22.9,6.27,44.4,55.6,19.6,41.3,39.1,3.14
Futbol Total,TUDN,Deportes,20:00,Noche,Martes,2024-05-28,1,16,5.0,24.5,5.71,37.2,62.8,24.7,35.3,40.0,3.8
Futbol Total,TUDN,Deportes,20:00,Noche,Martes,2024-06-04,1,17,5.08,24.4,6.41,31.7,68.3,29.9,37.8,32.3,3.83
Futbol Total,TUDN,Deportes,20:00,Noche,Martes,2024-06-11,1,18,5.87,27.2,6.74,32.6,67.4,20.2,36.7,43.1,4.92
Futbol Total,TUDN,Deportes,20:00,Noche,Martes,2024-06-18,1,19,5.39,25.3,6.13,39.6,60.4,24.0,30.4,45.6,3.96
Futbol Total,TUDN,Deportes,20:00,Noche,Martes,2024-06-25,1,20,5.57,25.9,6.56,40.6,59.4,20.9,39.0,40.1,4.41
Futbol Total,TUDN,Deportes,20:00,Noche,Martes,2024-07-02,1,21,5.63,24.5,7.17,32.8,67.2,22.6,35.5,41.9,3.54
Futbol Total,TUDN,Deportes,20:00,Noche,Martes,2024-07-09,1,22,5.84,23.2,7.17,39.0,61.0,26.6,37.0,36.4,3.82
Futbol Total,TUDN,Deportes,20:00,Noche,Martes,2024-07-16,1,23,5.9,23.1,7.45,40.6,59.4,22.2,37.4,40.4,3.4
Futbol Total,TUDN,Deportes,20:00,Noche,Martes,2024-07-23,1,24,5.79,25.7,6.72,32.7,67.3,27.7,36.1,36.2,3.91
Futbol Total,TUDN,Deportes,20:00,Noche,Martes,2024-07-30,1,25,5.97,26.5,6.79,39.5,60.5,27.7,37.7,34.6,5.07
Futbol Total,TUDN,Deportes,20:00,Noche,Martes,2024-08-06,1,26,5.35,25.1,6.04,34.7,65.3,24.3,30.6,45.1,3.52
Futbol Total,TUDN,Deportes,20:00,Noche,Martes,2024-08-13,1,27,6.07,26.1,7.67,44.5,55.5,25.1,35.9,39.0,4.59
Futbol Total,TUDN,Deportes,20:00,Noche,Martes,2024-08-20,1,28,5.27,27.8,6.31,31.2,68.8,18.4,39.1,42.5,3.36
Futbol Total,TUDN,Deportes,20:00,Noche,Martes,2024-08-27,1,29,5.92,28.5,6.71,36.9,63.1,28.4,39.2,32.4,4.23
Futbol Total,TUDN,Deportes,20:00,Noche,Martes,2024-09-03,1,30,6.22,27.5,7.81,42.3,57.7,23.1,39.9,37.0,3.5
Amor Eterno,Las Estrellas,Telenovela,21:30,Noche,Domingo,2024-02-04,3,1,9.22,39.7,11.5,64.8,35.2,21.5,40.5,38.0,5.16
Amor Eterno,Las Estrellas,Telenovela,21:30,Noche,Domingo,2024-02-11,3,2,9.11,41.3,10.18,68.0,32.0,19.6,39.7,40.7,5.58
Amor Eterno,Las Estrellas,Telenovela,21:30,Noche,Domingo,2024-02-18,3,3,9.16,36.2,11.65,64.2,35.8,24.0,37.4,38.6,7.19
Amor Eterno,Las Estrellas,Telenovela,21:30,Noche,Domingo,2024-02-25,3,4,9.53,36.2,11.57,63.0,37.0,26.4,32.0,41.6,8.04
Amor Eterno,Las Estrellas,Telenovela,21:30,Noche,Domingo,2024-03-03,3,5,9.15,40.7,11.81,62.7,37.3,30.6,39.8,29.6,5.4
Amor Eterno,Las Estrellas,Telenovela,21:30,Noche,Domingo,2024-03-10,3,6,9.33,37.5,10.37,59.2,40.8,27.2,38.4,34.4,5.5
Amor Eterno,Las Estrellas,Telenovela,21:30,Noche,Domingo,2024-03-17,3,7,9.59,40.3,11.02,67.7,32.3,23.5,31.7,44.8,7.09
Amor Eterno,Las Estrellas,Telenovela,21:30,Noche,Domingo,2024-03-24,3,8,9.15,38.4,10.2,66.9,33.1,28.8,34.8,36.4,7.09
Amor Eterno,Las Estrellas,Telenovela,21:30,Noche,Domingo,2024-03-31,3,9,9.18,36.7,10.93,62.3,37.7,26.1,40.4,33.5,7.38
Amor Eterno,Las Estrellas,Telenovela,21:30,Noche,Domingo,2024-04-07,3,10,10.4,42.0,12.76,65.5,34.5,29.9,39.5,30.6,6.96
Amor Eterno,Las Estrellas,Telenovela,21:30,Noche,Domingo,2024-04-14,3,11,10.29,39.5,12.34,59.8,40.2,22.0,36.6,41.4,6.06
Amor Eterno,Las Estrellas,Telenovela,21:30,Noche,Domingo,2024-04-21,3,12,10.03,38.1,12.83,66.4,33.6,18.6,37.5,43.9,8.03
Amor Eterno,Las Estrellas,Telenovela,21:30,Noche,Domingo,2024-04-28,3,13,10.57,40.8,11.96,61.8,38.2,31.9,35.1,33.0,8.97
Amor Eterno,Las Estrellas,Telenovela,21:30,Noche,Domingo,2024-05-05,3,14,10.4,39.0,12.07,68.1,31.9,30.3,31.1,38.6,6.84
Amor Eterno,Las Estrellas,Telenovela,21:30,Noche,Domingo,2024-05-12,3,15,10.27,42.0,12.63,55.8,44.2,26.8,38.7,34.5,7.98
Amor Eterno,Las Estrellas,Telenovela,21:30,Noche,Domingo,2024-05-19,3,16,9.65,41.4,10.8,58.2,41.8,19.1,37.1,43.8,6.81
Amor Eterno,Las Estrellas,Telenovela,21:30,Noche,Domingo,2024-05-26,3,17,9.81,41.5,11.47,56.8,43.2,30.0,38.3,31.7,6.8
Amor Eterno,Las Estrellas,Telenovela,21:30,Noche,Domingo,2024-06-02,3,18,9.94,42.3,12.54,56.5,43.5,23.1,33.6,43.3,6.61
Amor Eterno,Las Estrellas,Telenovela,21:30,Noche,Domingo,2024-06-09,3,19,10.29,39.1,12.64,65.2,34.8,19.0,36.8,44.2,7.54
Amor Eterno,Las Estrellas,Telenovela,21:30,Noche,Domingo,2024-06-16,3,20,10.22,43.4,11.68,66.2,33.8,30.9,37.4,31.7,6.98
Amor Eterno,Las Estrellas,Telenovela,21:30,Noche,Domingo,2024-06-23,3,21,10.26,45.5,11.57,56.8,43.2,28.2,34.2,37.6,6.96
Amor Eterno,Las Estrellas,Telenovela,21:30,Noche,Domingo,2024-06-30,3,22,10.22,41.6,12.56,58.7,41.3,26.4,38.7,34.9,6.49
Amor Eterno,Las Estrellas,Telenovela,21:30,Noche,Domingo,2024-07-07,3,23,10.29,42.8,13.06,68.1,31.9,20.9,37.3,41.8,6.24
Amor Eterno,Las Estrellas,Telenovela,21:30,Noche,Domingo,2024-07-14,3,24,9.82,44.6,12.34,66.9,33.1,21.4,34.6,44.0,6.11
Amor Eterno,Las Estrellas,Telenovela,21:30,Noche,Domingo,2024-07-21,3,25,10.23,43.1,13.07,55.2,44.8,23.1,33.8,43.1,6.81
Amor Eterno,Las Estrellas,Telenovela,21:30,Noche,Domingo,2024-07-28,3,26,10.62,42.5,12.84,57.6,42.4,24.6,41.8,33.6,6.07
Amor Eterno,Las Estrellas,Telenovela,21:30,Noche,Domingo,2024-08-04,3,27,10.4,43.9,11.89,68.8,31.2,31.3,34.8,33.9,6.61
Amor Eterno,Las Estrellas,Telenovela,21:30,Noche,Domingo,2024-08-11,3,28,10.37,41.9,12.29,61.0,39.0,27.0,36.5,36.5,6.18
Amor Eterno,Las Estrellas,Telenovela,21:30,Noche,Domingo,2024-08-18,3,29,10.73,45.0,13.78,69.6,30.4,20.2,33.9,45.9,7.79
Amor Eterno,Las Estrellas,Telenovela,21:30,Noche,Domingo,2024-08-25,3,30,10.71,42.8,13.16,59.7,40.3,24.1,41.4,34.5,6.66
Amor Eterno,Las Estrellas,Telenovela,21:30,Noche,Domingo,2024-09-01,3,31,10.76,48.7,12.09,64.2,35.8,18.8,38.0,43.2,8.04
Amor Eterno,Las Estrellas,Telenovela,21:30,Noche,Domingo,2024-09-08,3,32,10.83,45.8,12.21,55.2,44.8,24.9,34.2,40.9,7.64
Amor Eterno,Las Estrellas,Telenovela,21:30,Noche,Domingo,2024-09-15,3,33,11.01,44.9,12.93,66.2,33.8,30.2,38.8,31.0,6.45
Amor Eterno,Las Estrellas,Telenovela,21:30,Noche,Domingo,2024-09-22,3,34,11.24,45.4,13.33,62.9,37.1,21.7,41.7,36.6,8.3
Amor Eterno,Las Estrellas,Telenovela,21:30,Noche,Domingo,2024-09-29,3,35,10.54,46.6,11.71,67.9,32.1,20.3,31.9,47.8,8.24
Amor Eterno,Las Estrellas,Telenovela,21:30,Noche,Domingo,2024-10-06,3,36,11.56,45.5,12.98,66.1,33.9,18.0,40.3,41.7,6.4
Amor Eterno,Las Estrellas,Telenovela,21:30,Noche,Domingo,2024-10-13,3,37,11.53,47.7,14.81,57.7,42.3,31.4,30.4,38.2,9.12
Amor Eterno,Las Estrellas,Telenovela,21:30,Noche,Domingo,2024-10-20,3,38,11.11,45.5,12.72,58.7,41.3,30.8,33.8,35.4,8.86
Amor Eterno,Las Estrellas,Telenovela,21:30,Noche,Domingo,2024-10-27,3,39,11.14,47.6,13.75,55.8,44.2,21.1,36.2,42.7,6.28
Amor Eterno,Las Estrellas,Telenovela,21:30,Noche,Domingo,2024-11-03,3,40,10.74,50.1,13.67,66.6,33.4,22.3,31.0,46.7,7.38
Amor Eterno,Las Estrellas,Telenovela,21:30,Noche,Domingo,2024-11-10,3,41,11.26,49.6,14.15,66.1,33.9,21.4,34.4,44.2,9.48
Amor Eterno,Las Estrellas,Telenovela,21:30,Noche,Domingo,2024-11-17,3,42,12.26,49.0,15.28,63.2,36.8,29.1,31.8,39.1,10.17
Amor Eterno,Las Estrellas,Telenovela,21:30,Noche,Domingo,2024-11-24,3,43,12.14,49.7,14.9,65.4,34.6,18.1,34.0,47.9,9.44
Amor Eterno,Las Estrellas,Telenovela,21:30,Noche,Domingo,2024-12-01,3,44,11.26,51.5,13.08,58.1,41.9,31.8,35.0,33.2,9.44
Amor Eterno,Las Estrellas,Telenovela,21:30,Noche,Domingo,2024-12-08,3,45,12.03,50.0,13.91,55.7,44.3,21.2,40.1,38.7,8.11
Amor Eterno,Las Estrellas,Telenovela,21:30,Noche,Domingo,2024-12-15,3,46,12.25,49.5,15.31,63.7,36.3,25.1,37.6,37.3,8.19
Amor Eterno,Las Estrellas,Telenovela,21:30,Noche,Domingo,2024-12-22,3,47,11.87,50.6,14.63,57.0,43.0,22.1,40.2,37.7,9.83
Amor Eterno,Las Estrellas,Telenovela,21:30,Noche,Domingo,2024-12-29,3,48,11.48,53.1,13.38,61.8,38.2,21.3,41.3,37.4,6.78
